year,month,latitude,longitude,rainfall_mm
2025,1,-1.2921,36.8219,109.08753967285156
2025,2,-1.2921,36.8219,5.303553104400635
2025,3,-1.2921,36.8219,173.2001953125
2025,4,-1.2921,36.8219,222.00665283203125
2025,5,-1.2921,36.8219,117.60266876220703
2025,6,-1.2921,36.8219,35.088802337646484
2025,7,-1.2921,36.8219,8.685206413269043
2025,8,-1.2921,36.8219,28.066146850585938
2025,9,-1.2921,36.8219,23.730789184570312
2025,10,-1.2921,36.8219,105.71003723144531
2025,11,-1.2921,36.8219,41.259361267089844
2025,12,-1.2921,36.8219,136.4031524658203
